{
  "days": [
    {
      "id": 1,
      "day": 1
    },
    {
      "day": 2,
      "id": 2
    },
    {
      "day": 3,
      "id": 3
    },
    {
      "day": 4,
      "id": 4
    },
    {
      "day": 5,
      "id": 5
    }
  ],
  "words": [
    {
      "id": 1,
      "day": 1,
      "eng": "book",
      "kor": "책",
      "isDone": false
    },
    {
      "id": 3,
      "day": 2,
      "eng": "car",
      "kor": "자동차",
      "isDone": false
    },
    {
      "id": 5,
      "day": 3,
      "eng": "school",
      "kor": "학교",
      "isDone": true
    },
    {
      "day": "4",
      "eng": "test",
      "kor": "시험",
      "isDone": false,
      "id": 8
    },
    {
      "day": "4",
      "eng": "test",
      "kor": "시험",
      "isDone": false,
      "id": 9
    },
    {
      "day": "4",
      "eng": "ball",
      "kor": "공",
      "isDone": false,
      "id": 10
    },
    {
      "day": "4",
      "eng": "test",
      "kor": "시험",
      "isDone": false,
      "id": 12
    },
    {
      "day": "6",
      "eng": "samsung",
      "kor": "삼성",
      "isDone": false,
      "id": 13
    },
    {
      "day": "5",
      "eng": "lg",
      "kor": "엘지",
      "isDone": true,
      "id": 14
    },
    {
      "day": "1",
      "eng": "monitor",
      "kor": "모니터",
      "isDone": false,
      "id": 15
    }
  ]
}